id,text,timestamp
1,Amazing quality and fantastic support.,02-01-2023 06:23
2,I love the new features of this product!,24-02-2023 20:01
3,I am not happy with the recent changes.,02-01-2023 09:38
4,The design is sleek and user-friendly.,29-01-2023 12:56
5,"Not bad, but could be better.",07-02-2023 05:53
6,The update improved performance significantly.,18-02-2023 02:00
7,"The service was okay, nothing special.",23-01-2023 14:05
8,I am not happy with the recent changes.,26-01-2023 07:01
9,"Worst experience ever, very disappointed.",26-02-2023 17:49
10,This is the best product I have ever used!,10-02-2023 00:24
11,"The service was okay, nothing special.",15-01-2023 16:00
12,The design is sleek and user-friendly.,09-03-2023 15:23
13,"Not bad, but could be better.",26-01-2023 20:36
14,"Worst experience ever, very disappointed.",26-02-2023 03:27
15,Amazing quality and fantastic support.,05-03-2023 02:20
16,I love the new features of this product!,05-01-2023 01:54
17,I am not happy with the recent changes.,28-01-2023 12:10
18,"Terrible service, will not recommend.",30-01-2023 11:11
19,"Not bad, but could be better.",18-01-2023 04:44
20,Amazing quality and fantastic support.,23-01-2023 01:15
21,I love the new features of this product!,08-02-2023 02:30
22,The update improved performance significantly.,26-01-2023 08:12
23,"The service was okay, nothing special.",17-01-2023 13:34
24,"Terrible service, will not recommend.",22-02-2023 02:10
25,The update improved performance significantly.,13-01-2023 01:59
26,"Not bad, but could be better.",22-01-2023 05:41
27,"Not bad, but could be better.",07-01-2023 22:40
28,"Not bad, but could be better.",10-01-2023 03:47
29,"Terrible service, will not recommend.",28-02-2023 00:42
30,The update improved performance significantly.,18-02-2023 02:11
31,I am not happy with the recent changes.,06-03-2023 22:38
32,"Not bad, but could be better.",10-01-2023 07:42
33,The design is sleek and user-friendly.,28-01-2023 22:17
34,"Terrible service, will not recommend.",31-01-2023 22:04
35,"Terrible service, will not recommend.",15-01-2023 10:40
36,"Terrible service, will not recommend.",07-01-2023 23:18
37,The design is sleek and user-friendly.,07-01-2023 08:52
38,I love the new features of this product!,03-02-2023 10:37
39,The design is sleek and user-friendly.,10-02-2023 10:25
40,"The service was okay, nothing special.",28-02-2023 05:40
41,The design is sleek and user-friendly.,18-01-2023 05:21
42,I am not happy with the recent changes.,14-01-2023 09:47
43,I am not happy with the recent changes.,25-02-2023 18:49
44,This is the best product I have ever used!,18-01-2023 09:19
45,I am not happy with the recent changes.,04-03-2023 11:49
46,The design is sleek and user-friendly.,15-01-2023 12:53
47,I am not happy with the recent changes.,06-03-2023 14:21
48,"Terrible service, will not recommend.",05-02-2023 22:25
49,I love the new features of this product!,10-02-2023 14:51
50,I love the new features of this product!,11-03-2023 07:17
51,I love the new features of this product!,12-01-2023 07:56
52,"The service was okay, nothing special.",17-01-2023 20:43
53,The update improved performance significantly.,20-01-2023 05:25
54,I am not happy with the recent changes.,05-01-2023 17:22
55,This is the best product I have ever used!,06-03-2023 22:02
56,This is the best product I have ever used!,22-02-2023 23:18
57,The update improved performance significantly.,11-01-2023 23:43
58,"Not bad, but could be better.",14-01-2023 02:32
59,The design is sleek and user-friendly.,06-03-2023 04:33
60,"Not bad, but could be better.",06-02-2023 06:41
61,The update improved performance significantly.,27-01-2023 01:17
62,"The service was okay, nothing special.",03-03-2023 16:59
63,"Terrible service, will not recommend.",23-02-2023 07:52
64,"The service was okay, nothing special.",26-02-2023 18:30
65,I am not happy with the recent changes.,17-01-2023 09:36
66,The design is sleek and user-friendly.,22-02-2023 02:23
67,"Worst experience ever, very disappointed.",22-02-2023 01:53
68,Amazing quality and fantastic support.,22-01-2023 04:42
69,Amazing quality and fantastic support.,15-01-2023 06:43
70,The update improved performance significantly.,08-01-2023 00:45
71,"Worst experience ever, very disappointed.",14-02-2023 23:32
72,This is the best product I have ever used!,10-02-2023 22:19
73,Amazing quality and fantastic support.,06-03-2023 17:43
74,"The service was okay, nothing special.",08-01-2023 16:33
75,"Terrible service, will not recommend.",05-03-2023 12:40
76,"The service was okay, nothing special.",10-01-2023 23:03
77,I am not happy with the recent changes.,18-02-2023 09:25
78,"Worst experience ever, very disappointed.",04-03-2023 17:22
79,I am not happy with the recent changes.,25-02-2023 05:34
80,The update improved performance significantly.,22-02-2023 18:46
81,This is the best product I have ever used!,18-02-2023 00:45
82,This is the best product I have ever used!,12-02-2023 10:13
83,The design is sleek and user-friendly.,01-02-2023 05:13
84,"Worst experience ever, very disappointed.",27-01-2023 02:30
85,This is the best product I have ever used!,17-01-2023 17:23
86,I am not happy with the recent changes.,04-02-2023 05:31
87,"Worst experience ever, very disappointed.",16-01-2023 06:19
88,"Not bad, but could be better.",09-03-2023 07:16
89,"Not bad, but could be better.",07-02-2023 12:52
90,Amazing quality and fantastic support.,20-02-2023 08:38
91,"Terrible service, will not recommend.",07-03-2023 01:36
92,"Terrible service, will not recommend.",13-02-2023 23:01
93,The design is sleek and user-friendly.,11-02-2023 15:11
94,I am not happy with the recent changes.,10-03-2023 15:56
95,"The service was okay, nothing special.",27-02-2023 10:39
96,This is the best product I have ever used!,27-02-2023 18:02
97,"Not bad, but could be better.",27-01-2023 09:05
98,"Worst experience ever, very disappointed.",25-01-2023 13:50
99,Amazing quality and fantastic support.,05-02-2023 13:50
100,I love the new features of this product!,06-03-2023 13:19
101,"Not bad, but could be better.",20-01-2023 10:17
102,This is the best product I have ever used!,19-01-2023 11:39
103,This is the best product I have ever used!,29-01-2023 06:29
104,"Terrible service, will not recommend.",07-03-2023 16:35
105,I am not happy with the recent changes.,13-02-2023 19:11
106,The design is sleek and user-friendly.,18-02-2023 10:33
107,I am not happy with the recent changes.,12-01-2023 14:15
108,"Not bad, but could be better.",31-01-2023 04:59
109,I am not happy with the recent changes.,25-02-2023 02:19
110,This is the best product I have ever used!,07-02-2023 20:15
111,"The service was okay, nothing special.",09-01-2023 16:10
112,The update improved performance significantly.,27-01-2023 21:56
113,The design is sleek and user-friendly.,26-02-2023 13:16
114,The design is sleek and user-friendly.,26-01-2023 23:03
115,"The service was okay, nothing special.",11-02-2023 06:18
116,The design is sleek and user-friendly.,17-01-2023 11:39
117,"Terrible service, will not recommend.",07-02-2023 02:06
118,"Worst experience ever, very disappointed.",12-02-2023 03:07
119,I love the new features of this product!,18-02-2023 05:08
120,"Worst experience ever, very disappointed.",04-01-2023 00:26
121,I am not happy with the recent changes.,21-02-2023 11:13
122,I love the new features of this product!,01-03-2023 09:31
123,"Not bad, but could be better.",08-01-2023 21:36
124,"Worst experience ever, very disappointed.",25-02-2023 05:28
125,"Not bad, but could be better.",28-01-2023 02:25
126,"Not bad, but could be better.",08-01-2023 07:00
127,The update improved performance significantly.,09-01-2023 05:01
128,I love the new features of this product!,28-02-2023 05:24
129,I am not happy with the recent changes.,02-01-2023 17:44
130,"Not bad, but could be better.",28-02-2023 22:58
131,The design is sleek and user-friendly.,24-02-2023 07:52
132,The design is sleek and user-friendly.,18-01-2023 08:08
133,I am not happy with the recent changes.,04-03-2023 10:00
134,"The service was okay, nothing special.",12-01-2023 21:48
135,"Worst experience ever, very disappointed.",14-02-2023 17:22
136,I am not happy with the recent changes.,12-02-2023 03:57
137,"Not bad, but could be better.",02-01-2023 15:43
138,This is the best product I have ever used!,07-03-2023 05:11
139,"Worst experience ever, very disappointed.",06-03-2023 18:26
140,"The service was okay, nothing special.",25-02-2023 16:04
141,"The service was okay, nothing special.",28-02-2023 10:29
142,The design is sleek and user-friendly.,24-01-2023 00:02
143,"Terrible service, will not recommend.",09-03-2023 20:19
144,I am not happy with the recent changes.,22-01-2023 07:09
145,Amazing quality and fantastic support.,05-01-2023 11:09
146,Amazing quality and fantastic support.,25-01-2023 16:43
147,"Worst experience ever, very disappointed.",11-02-2023 09:51
148,I am not happy with the recent changes.,26-01-2023 07:44
149,This is the best product I have ever used!,10-01-2023 12:17
150,I am not happy with the recent changes.,23-01-2023 13:48
151,The design is sleek and user-friendly.,11-01-2023 03:44
152,"Worst experience ever, very disappointed.",05-01-2023 08:04
153,"Terrible service, will not recommend.",17-02-2023 13:57
154,"The service was okay, nothing special.",06-01-2023 16:14
155,This is the best product I have ever used!,21-01-2023 02:48
156,The design is sleek and user-friendly.,26-02-2023 06:57
157,"Worst experience ever, very disappointed.",15-02-2023 05:52
158,This is the best product I have ever used!,26-02-2023 17:08
159,"The service was okay, nothing special.",30-01-2023 22:08
160,The design is sleek and user-friendly.,02-02-2023 04:36
161,"The service was okay, nothing special.",23-01-2023 14:10
162,"Worst experience ever, very disappointed.",27-02-2023 18:17
163,I love the new features of this product!,28-01-2023 03:42
164,Amazing quality and fantastic support.,02-01-2023 06:17
165,This is the best product I have ever used!,10-03-2023 22:06
166,"The service was okay, nothing special.",18-02-2023 07:06
167,"Terrible service, will not recommend.",05-01-2023 19:49
168,"Not bad, but could be better.",24-01-2023 09:17
169,The design is sleek and user-friendly.,14-01-2023 04:11
170,Amazing quality and fantastic support.,02-03-2023 07:27
171,This is the best product I have ever used!,26-02-2023 02:19
172,I am not happy with the recent changes.,21-01-2023 03:30
173,Amazing quality and fantastic support.,27-02-2023 03:19
174,"Not bad, but could be better.",13-02-2023 21:06
175,"Not bad, but could be better.",04-01-2023 00:54
176,"The service was okay, nothing special.",01-02-2023 01:02
177,"Terrible service, will not recommend.",12-01-2023 16:24
178,I love the new features of this product!,10-03-2023 00:31
179,The update improved performance significantly.,03-01-2023 15:23
180,"Worst experience ever, very disappointed.",12-01-2023 08:01
181,"Terrible service, will not recommend.",30-01-2023 20:50
182,Amazing quality and fantastic support.,05-03-2023 03:17
183,I love the new features of this product!,07-01-2023 23:24
184,I am not happy with the recent changes.,20-02-2023 11:56
185,"Terrible service, will not recommend.",26-01-2023 08:27
186,The update improved performance significantly.,19-01-2023 12:41
187,"Worst experience ever, very disappointed.",23-01-2023 17:20
188,"Terrible service, will not recommend.",04-01-2023 13:29
189,The update improved performance significantly.,26-01-2023 17:06
190,I love the new features of this product!,05-02-2023 19:26
191,"The service was okay, nothing special.",12-01-2023 18:56
192,"The service was okay, nothing special.",17-02-2023 15:44
193,This is the best product I have ever used!,06-01-2023 02:40
194,"Not bad, but could be better.",21-01-2023 05:03
195,"Terrible service, will not recommend.",21-02-2023 10:05
196,"The service was okay, nothing special.",06-01-2023 11:12
197,Amazing quality and fantastic support.,06-03-2023 05:43
198,Amazing quality and fantastic support.,05-02-2023 20:57
199,I love the new features of this product!,24-01-2023 16:20
200,The update improved performance significantly.,30-01-2023 23:45
201,I am not happy with the recent changes.,14-02-2023 12:42
202,The update improved performance significantly.,11-01-2023 21:26
203,The update improved performance significantly.,21-01-2023 21:32
204,"Terrible service, will not recommend.",04-02-2023 16:30
205,This is the best product I have ever used!,28-01-2023 17:22
206,This is the best product I have ever used!,18-02-2023 13:58
207,I love the new features of this product!,02-03-2023 15:49
208,"Terrible service, will not recommend.",30-01-2023 08:55
209,"Worst experience ever, very disappointed.",13-01-2023 09:05
210,I am not happy with the recent changes.,26-02-2023 06:25
211,I love the new features of this product!,02-03-2023 03:56
212,"The service was okay, nothing special.",29-01-2023 05:32
213,I love the new features of this product!,03-02-2023 19:51
214,"Terrible service, will not recommend.",13-01-2023 08:42
215,I am not happy with the recent changes.,26-02-2023 05:30
216,The design is sleek and user-friendly.,17-01-2023 03:47
217,"Not bad, but could be better.",01-02-2023 10:31
218,I love the new features of this product!,20-01-2023 02:16
219,Amazing quality and fantastic support.,14-01-2023 21:10
220,"Worst experience ever, very disappointed.",03-01-2023 11:29
221,"Worst experience ever, very disappointed.",25-01-2023 15:56
222,The design is sleek and user-friendly.,20-02-2023 01:15
223,Amazing quality and fantastic support.,15-02-2023 03:35
224,Amazing quality and fantastic support.,27-02-2023 02:17
225,I am not happy with the recent changes.,09-02-2023 05:44
226,The design is sleek and user-friendly.,08-02-2023 14:52
227,The design is sleek and user-friendly.,23-01-2023 11:06
228,"The service was okay, nothing special.",11-02-2023 14:38
229,I love the new features of this product!,24-01-2023 02:15
230,The design is sleek and user-friendly.,05-01-2023 18:43
231,"The service was okay, nothing special.",26-02-2023 19:42
232,The update improved performance significantly.,24-01-2023 22:49
233,"Terrible service, will not recommend.",29-01-2023 20:22
234,"Not bad, but could be better.",06-02-2023 19:48
235,"Terrible service, will not recommend.",19-01-2023 12:11
236,"The service was okay, nothing special.",04-03-2023 22:16
237,I am not happy with the recent changes.,18-01-2023 19:24
238,I am not happy with the recent changes.,10-02-2023 11:00
239,The design is sleek and user-friendly.,05-03-2023 20:45
240,"The service was okay, nothing special.",11-03-2023 05:43
241,"Worst experience ever, very disappointed.",03-02-2023 19:38
242,The update improved performance significantly.,12-01-2023 03:14
243,The update improved performance significantly.,23-01-2023 21:45
244,I am not happy with the recent changes.,01-03-2023 05:15
245,"The service was okay, nothing special.",23-01-2023 04:07
246,"Not bad, but could be better.",15-01-2023 04:46
247,I love the new features of this product!,15-02-2023 23:10
248,The update improved performance significantly.,25-02-2023 11:19
249,The design is sleek and user-friendly.,21-02-2023 04:22
250,I love the new features of this product!,07-01-2023 01:14
251,Amazing quality and fantastic support.,28-01-2023 20:44
252,I am not happy with the recent changes.,11-02-2023 09:55
253,"The service was okay, nothing special.",07-02-2023 08:00
254,I love the new features of this product!,07-03-2023 23:52
255,"Terrible service, will not recommend.",08-01-2023 18:54
256,"The service was okay, nothing special.",04-02-2023 12:57
257,The update improved performance significantly.,14-02-2023 05:26
258,"Terrible service, will not recommend.",25-02-2023 06:07
259,I am not happy with the recent changes.,13-02-2023 15:21
260,"Worst experience ever, very disappointed.",16-01-2023 12:32
261,Amazing quality and fantastic support.,26-02-2023 17:36
262,Amazing quality and fantastic support.,01-03-2023 08:07
263,The update improved performance significantly.,02-01-2023 05:51
264,This is the best product I have ever used!,15-02-2023 20:44
265,The design is sleek and user-friendly.,06-03-2023 22:36
266,The design is sleek and user-friendly.,07-02-2023 02:08
267,I am not happy with the recent changes.,06-03-2023 09:42
268,The design is sleek and user-friendly.,08-03-2023 11:52
269,"Worst experience ever, very disappointed.",10-02-2023 06:59
270,I love the new features of this product!,10-02-2023 01:02
271,"Worst experience ever, very disappointed.",31-01-2023 17:51
272,"Not bad, but could be better.",08-03-2023 07:41
273,I love the new features of this product!,06-03-2023 01:25
274,"Terrible service, will not recommend.",20-02-2023 13:05
275,I love the new features of this product!,15-02-2023 08:23
276,The update improved performance significantly.,09-01-2023 22:47
277,The update improved performance significantly.,07-02-2023 12:47
278,"Not bad, but could be better.",18-01-2023 04:10
279,I am not happy with the recent changes.,09-03-2023 01:13
280,"Terrible service, will not recommend.",09-02-2023 14:48
281,I love the new features of this product!,08-03-2023 14:49
282,The design is sleek and user-friendly.,28-01-2023 17:03
283,I love the new features of this product!,22-01-2023 15:15
284,Amazing quality and fantastic support.,05-03-2023 08:10
285,The update improved performance significantly.,05-02-2023 01:40
286,I am not happy with the recent changes.,07-01-2023 13:11
287,The update improved performance significantly.,06-01-2023 00:52
288,I love the new features of this product!,07-02-2023 02:28
289,I am not happy with the recent changes.,08-01-2023 00:24
290,"The service was okay, nothing special.",19-01-2023 23:00
291,"The service was okay, nothing special.",06-02-2023 05:03
292,The design is sleek and user-friendly.,04-02-2023 11:38
293,This is the best product I have ever used!,25-02-2023 05:16
294,"Not bad, but could be better.",21-01-2023 14:02
295,This is the best product I have ever used!,14-01-2023 17:08
296,The update improved performance significantly.,02-03-2023 06:31
297,This is the best product I have ever used!,18-02-2023 02:14
298,"Worst experience ever, very disappointed.",05-02-2023 18:15
299,I love the new features of this product!,13-02-2023 19:19
300,"Worst experience ever, very disappointed.",14-02-2023 15:08
301,"Not bad, but could be better.",10-01-2023 21:46
302,"The service was okay, nothing special.",27-02-2023 15:08
303,"Terrible service, will not recommend.",07-03-2023 21:06
304,"Not bad, but could be better.",03-02-2023 21:29
305,I love the new features of this product!,08-01-2023 13:04
306,"Worst experience ever, very disappointed.",03-02-2023 20:51
307,"Terrible service, will not recommend.",02-01-2023 17:17
308,"Terrible service, will not recommend.",03-02-2023 14:53
309,"Not bad, but could be better.",18-02-2023 06:10
310,The design is sleek and user-friendly.,09-03-2023 11:25
311,"The service was okay, nothing special.",25-02-2023 20:17
312,The design is sleek and user-friendly.,27-01-2023 04:28
313,Amazing quality and fantastic support.,14-02-2023 14:02
314,I am not happy with the recent changes.,17-01-2023 09:48
315,"Terrible service, will not recommend.",28-02-2023 22:16
316,"Not bad, but could be better.",07-03-2023 18:59
317,This is the best product I have ever used!,02-01-2023 02:05
318,"The service was okay, nothing special.",24-02-2023 02:56
319,"The service was okay, nothing special.",24-02-2023 15:25
320,The update improved performance significantly.,09-02-2023 21:12
321,"Terrible service, will not recommend.",02-03-2023 23:48
322,The update improved performance significantly.,05-02-2023 11:33
323,"Not bad, but could be better.",15-01-2023 16:03
324,This is the best product I have ever used!,17-02-2023 17:32
325,"The service was okay, nothing special.",10-01-2023 04:51
326,I love the new features of this product!,24-02-2023 13:55
327,The design is sleek and user-friendly.,26-01-2023 21:49
328,The update improved performance significantly.,21-02-2023 10:04
329,"Not bad, but could be better.",12-02-2023 23:13
330,The update improved performance significantly.,14-01-2023 05:07
331,"Not bad, but could be better.",31-01-2023 08:04
332,This is the best product I have ever used!,13-02-2023 14:15
333,I love the new features of this product!,19-02-2023 00:58
334,"The service was okay, nothing special.",07-03-2023 08:00
335,I love the new features of this product!,05-03-2023 02:24
336,The update improved performance significantly.,16-01-2023 18:51
337,This is the best product I have ever used!,03-03-2023 09:39
338,"The service was okay, nothing special.",24-01-2023 06:43
339,"Terrible service, will not recommend.",08-01-2023 01:15
340,"Terrible service, will not recommend.",02-02-2023 07:37
341,The update improved performance significantly.,28-01-2023 02:25
342,I love the new features of this product!,22-01-2023 17:04
343,"Not bad, but could be better.",07-02-2023 20:01
344,Amazing quality and fantastic support.,09-03-2023 13:42
345,The update improved performance significantly.,03-01-2023 01:00
346,I love the new features of this product!,20-01-2023 06:20
347,"The service was okay, nothing special.",11-02-2023 08:17
348,I am not happy with the recent changes.,19-01-2023 04:34
349,"Terrible service, will not recommend.",09-03-2023 10:23
350,"The service was okay, nothing special.",26-02-2023 12:25
351,I am not happy with the recent changes.,11-01-2023 11:29
352,The update improved performance significantly.,06-01-2023 13:32
353,"Terrible service, will not recommend.",23-02-2023 06:34
354,"Terrible service, will not recommend.",15-01-2023 22:35
355,I love the new features of this product!,14-02-2023 21:01
356,The design is sleek and user-friendly.,10-01-2023 18:57
357,"Terrible service, will not recommend.",04-02-2023 13:22
358,I love the new features of this product!,22-01-2023 17:37
359,I am not happy with the recent changes.,25-02-2023 15:10
360,"Terrible service, will not recommend.",28-01-2023 08:07
361,"Worst experience ever, very disappointed.",07-02-2023 22:11
362,"Worst experience ever, very disappointed.",11-03-2023 00:15
363,"Worst experience ever, very disappointed.",10-01-2023 11:22
364,"Not bad, but could be better.",19-01-2023 15:17
365,Amazing quality and fantastic support.,29-01-2023 02:24
366,I love the new features of this product!,12-02-2023 05:46
367,I am not happy with the recent changes.,05-02-2023 22:42
368,"Not bad, but could be better.",20-02-2023 22:41
369,"Not bad, but could be better.",31-01-2023 16:24
370,"Terrible service, will not recommend.",09-01-2023 15:53
371,I am not happy with the recent changes.,08-03-2023 10:28
372,"Not bad, but could be better.",11-01-2023 00:43
373,I am not happy with the recent changes.,07-02-2023 11:56
374,"The service was okay, nothing special.",03-01-2023 13:50
375,I love the new features of this product!,01-01-2023 15:53
376,"Terrible service, will not recommend.",20-01-2023 20:12
377,The design is sleek and user-friendly.,19-01-2023 12:40
378,I am not happy with the recent changes.,02-03-2023 10:01
379,Amazing quality and fantastic support.,12-02-2023 04:49
380,I am not happy with the recent changes.,09-01-2023 17:44
381,I love the new features of this product!,10-03-2023 02:02
382,Amazing quality and fantastic support.,09-03-2023 03:30
383,The design is sleek and user-friendly.,10-01-2023 20:25
384,I am not happy with the recent changes.,26-02-2023 08:14
385,I am not happy with the recent changes.,13-01-2023 19:45
386,"Worst experience ever, very disappointed.",16-02-2023 06:39
387,"The service was okay, nothing special.",08-02-2023 02:12
388,The design is sleek and user-friendly.,20-01-2023 12:09
389,I love the new features of this product!,05-02-2023 18:38
390,The design is sleek and user-friendly.,20-02-2023 21:05
391,"Not bad, but could be better.",19-01-2023 02:58
392,Amazing quality and fantastic support.,23-02-2023 00:09
393,The update improved performance significantly.,04-01-2023 11:38
394,I am not happy with the recent changes.,29-01-2023 08:29
395,"Worst experience ever, very disappointed.",04-02-2023 14:13
396,I love the new features of this product!,02-01-2023 07:56
397,"The service was okay, nothing special.",14-02-2023 12:20
398,I am not happy with the recent changes.,06-02-2023 22:56
399,"Worst experience ever, very disappointed.",11-01-2023 09:38
400,I am not happy with the recent changes.,28-01-2023 16:47
401,"The service was okay, nothing special.",19-01-2023 07:28
402,I am not happy with the recent changes.,16-01-2023 04:28
403,The design is sleek and user-friendly.,02-02-2023 01:35
404,"Not bad, but could be better.",06-03-2023 15:34
405,"Not bad, but could be better.",30-01-2023 22:53
406,This is the best product I have ever used!,17-02-2023 13:14
407,"Not bad, but could be better.",06-03-2023 23:46
408,The update improved performance significantly.,19-02-2023 12:21
409,The design is sleek and user-friendly.,06-03-2023 01:17
410,Amazing quality and fantastic support.,25-02-2023 16:39
411,"Terrible service, will not recommend.",28-01-2023 04:50
412,I love the new features of this product!,30-01-2023 12:23
413,This is the best product I have ever used!,22-02-2023 13:15
414,"Worst experience ever, very disappointed.",19-01-2023 16:49
415,"Worst experience ever, very disappointed.",21-02-2023 15:30
416,"Not bad, but could be better.",24-01-2023 10:46
417,I love the new features of this product!,28-02-2023 00:16
418,"Not bad, but could be better.",09-01-2023 06:37
419,"Worst experience ever, very disappointed.",28-02-2023 10:47
420,I love the new features of this product!,01-01-2023 10:35
421,The update improved performance significantly.,09-03-2023 02:25
422,"Terrible service, will not recommend.",09-01-2023 12:18
423,Amazing quality and fantastic support.,13-01-2023 20:24
424,"Worst experience ever, very disappointed.",10-03-2023 16:52
425,"Worst experience ever, very disappointed.",26-01-2023 16:59
426,I am not happy with the recent changes.,22-01-2023 20:29
427,"The service was okay, nothing special.",26-01-2023 18:23
428,The design is sleek and user-friendly.,27-01-2023 19:18
429,"Not bad, but could be better.",02-01-2023 08:57
430,"Not bad, but could be better.",02-02-2023 12:03
431,"Worst experience ever, very disappointed.",20-01-2023 01:26
432,The update improved performance significantly.,02-01-2023 04:08
433,Amazing quality and fantastic support.,22-01-2023 08:47
434,"Not bad, but could be better.",29-01-2023 22:13
435,Amazing quality and fantastic support.,26-02-2023 23:01
436,The design is sleek and user-friendly.,03-01-2023 08:20
437,I am not happy with the recent changes.,26-01-2023 15:10
438,The update improved performance significantly.,06-01-2023 06:51
439,"Terrible service, will not recommend.",01-01-2023 23:04
440,"Terrible service, will not recommend.",12-02-2023 09:13
441,I am not happy with the recent changes.,17-02-2023 00:15
442,"Not bad, but could be better.",11-02-2023 18:22
443,"Terrible service, will not recommend.",23-01-2023 19:42
444,I am not happy with the recent changes.,12-02-2023 17:21
445,I love the new features of this product!,28-01-2023 09:32
446,The design is sleek and user-friendly.,03-02-2023 12:59
447,"Not bad, but could be better.",13-01-2023 07:57
448,Amazing quality and fantastic support.,23-02-2023 02:04
449,I love the new features of this product!,28-02-2023 08:52
450,The update improved performance significantly.,03-03-2023 05:20
451,"Not bad, but could be better.",26-01-2023 07:20
452,The design is sleek and user-friendly.,20-01-2023 01:05
453,I love the new features of this product!,07-03-2023 09:19
454,Amazing quality and fantastic support.,08-02-2023 04:21
455,This is the best product I have ever used!,07-01-2023 07:29
456,"The service was okay, nothing special.",24-01-2023 07:46
457,"The service was okay, nothing special.",19-02-2023 14:13
458,The design is sleek and user-friendly.,10-03-2023 10:33
459,This is the best product I have ever used!,06-01-2023 20:00
460,The design is sleek and user-friendly.,30-01-2023 01:34
461,"Terrible service, will not recommend.",26-02-2023 17:18
462,"Not bad, but could be better.",23-02-2023 19:39
463,The design is sleek and user-friendly.,07-02-2023 13:22
464,Amazing quality and fantastic support.,13-01-2023 13:17
465,"The service was okay, nothing special.",09-01-2023 04:02
466,"The service was okay, nothing special.",12-02-2023 11:14
467,"Terrible service, will not recommend.",20-02-2023 09:57
468,I love the new features of this product!,23-02-2023 03:52
469,This is the best product I have ever used!,17-01-2023 11:02
470,Amazing quality and fantastic support.,09-02-2023 17:00
471,"Terrible service, will not recommend.",28-02-2023 08:40
472,I am not happy with the recent changes.,28-02-2023 21:34
473,Amazing quality and fantastic support.,02-03-2023 07:35
474,"Not bad, but could be better.",22-02-2023 03:39
475,The update improved performance significantly.,07-02-2023 08:35
476,This is the best product I have ever used!,06-03-2023 18:38
477,The design is sleek and user-friendly.,18-02-2023 08:43
478,I am not happy with the recent changes.,28-02-2023 12:41
479,"Worst experience ever, very disappointed.",03-03-2023 20:14
480,Amazing quality and fantastic support.,14-02-2023 04:36
481,The update improved performance significantly.,18-01-2023 17:38
482,The design is sleek and user-friendly.,15-01-2023 03:26
483,I am not happy with the recent changes.,17-01-2023 00:11
484,"Terrible service, will not recommend.",22-01-2023 17:46
485,The update improved performance significantly.,20-01-2023 17:36
486,This is the best product I have ever used!,01-01-2023 22:28
487,I am not happy with the recent changes.,19-02-2023 02:39
488,Amazing quality and fantastic support.,04-02-2023 07:58
489,"Terrible service, will not recommend.",10-01-2023 23:22
490,"Worst experience ever, very disappointed.",03-02-2023 17:14
491,I am not happy with the recent changes.,27-01-2023 06:49
492,This is the best product I have ever used!,13-02-2023 20:13
493,"Not bad, but could be better.",14-01-2023 22:20
494,I am not happy with the recent changes.,21-02-2023 00:28
495,The update improved performance significantly.,02-02-2023 07:30
496,I love the new features of this product!,25-02-2023 19:09
497,The update improved performance significantly.,08-02-2023 21:36
498,The design is sleek and user-friendly.,27-02-2023 20:06
499,"Terrible service, will not recommend.",13-01-2023 20:45
500,This is the best product I have ever used!,05-02-2023 21:44
501,This is the best product I have ever used!,02-01-2023 17:57
502,"Worst experience ever, very disappointed.",30-01-2023 15:06
503,This is the best product I have ever used!,02-03-2023 20:13
504,The design is sleek and user-friendly.,01-03-2023 04:57
505,"Worst experience ever, very disappointed.",20-02-2023 01:30
506,I love the new features of this product!,02-01-2023 19:18
507,This is the best product I have ever used!,13-02-2023 06:33
508,I love the new features of this product!,09-02-2023 16:41
509,I love the new features of this product!,03-02-2023 08:50
510,"The service was okay, nothing special.",20-01-2023 14:00
511,"Not bad, but could be better.",14-02-2023 01:57
512,Amazing quality and fantastic support.,02-02-2023 11:06
513,Amazing quality and fantastic support.,14-02-2023 15:40
514,"The service was okay, nothing special.",25-01-2023 22:16
515,"Terrible service, will not recommend.",17-01-2023 15:55
516,"Not bad, but could be better.",03-03-2023 00:48
517,I am not happy with the recent changes.,15-02-2023 12:41
518,I love the new features of this product!,22-01-2023 16:28
519,"Terrible service, will not recommend.",14-01-2023 07:51
520,I am not happy with the recent changes.,26-02-2023 12:25
521,The design is sleek and user-friendly.,24-02-2023 08:22
522,This is the best product I have ever used!,03-01-2023 09:22
523,The design is sleek and user-friendly.,08-01-2023 21:16
524,Amazing quality and fantastic support.,14-02-2023 02:50
525,Amazing quality and fantastic support.,03-03-2023 07:01
526,Amazing quality and fantastic support.,11-01-2023 18:20
527,The update improved performance significantly.,20-01-2023 08:56
528,"The service was okay, nothing special.",19-02-2023 19:05
529,"The service was okay, nothing special.",21-02-2023 23:25
530,"Worst experience ever, very disappointed.",13-02-2023 00:59
531,"Worst experience ever, very disappointed.",14-01-2023 08:37
532,Amazing quality and fantastic support.,25-02-2023 06:15
533,"Terrible service, will not recommend.",05-03-2023 12:18
534,The update improved performance significantly.,17-02-2023 12:31
535,The design is sleek and user-friendly.,06-01-2023 02:16
536,I am not happy with the recent changes.,03-03-2023 11:29
537,"Worst experience ever, very disappointed.",18-01-2023 07:31
538,This is the best product I have ever used!,18-01-2023 15:38
539,I am not happy with the recent changes.,17-02-2023 15:36
540,This is the best product I have ever used!,09-02-2023 04:31
541,Amazing quality and fantastic support.,27-01-2023 03:55
542,"Terrible service, will not recommend.",24-01-2023 07:07
543,Amazing quality and fantastic support.,10-01-2023 12:47
544,"Terrible service, will not recommend.",15-02-2023 21:30
545,"Terrible service, will not recommend.",17-01-2023 09:43
546,Amazing quality and fantastic support.,26-02-2023 15:07
547,The design is sleek and user-friendly.,12-02-2023 10:43
548,The design is sleek and user-friendly.,27-02-2023 22:10
549,"Worst experience ever, very disappointed.",28-01-2023 20:00
550,I love the new features of this product!,04-01-2023 05:51
551,The update improved performance significantly.,19-01-2023 12:22
552,The design is sleek and user-friendly.,04-03-2023 21:13
553,The design is sleek and user-friendly.,03-02-2023 18:54
554,"The service was okay, nothing special.",22-02-2023 01:00
555,The design is sleek and user-friendly.,10-02-2023 22:00
556,"Not bad, but could be better.",05-01-2023 14:35
557,"The service was okay, nothing special.",15-01-2023 07:05
558,"The service was okay, nothing special.",12-02-2023 14:06
559,Amazing quality and fantastic support.,04-02-2023 03:52
560,"Terrible service, will not recommend.",11-02-2023 09:20
561,"Terrible service, will not recommend.",05-03-2023 13:34
562,"The service was okay, nothing special.",14-01-2023 04:34
563,"The service was okay, nothing special.",14-02-2023 22:04
564,The update improved performance significantly.,28-02-2023 23:54
565,"The service was okay, nothing special.",22-02-2023 07:53
566,The update improved performance significantly.,20-01-2023 16:38
567,I am not happy with the recent changes.,09-01-2023 06:39
568,"Terrible service, will not recommend.",23-01-2023 14:49
569,I love the new features of this product!,16-02-2023 11:52
570,"Worst experience ever, very disappointed.",07-03-2023 22:59
571,I love the new features of this product!,28-01-2023 02:58
572,"The service was okay, nothing special.",18-02-2023 01:04
573,The design is sleek and user-friendly.,08-01-2023 10:38
574,This is the best product I have ever used!,31-01-2023 23:29
575,I am not happy with the recent changes.,30-01-2023 03:00
576,"The service was okay, nothing special.",12-02-2023 06:31
577,The design is sleek and user-friendly.,03-01-2023 22:24
578,"The service was okay, nothing special.",28-02-2023 07:04
579,"Not bad, but could be better.",17-01-2023 18:27
580,The update improved performance significantly.,08-02-2023 07:59
581,"Worst experience ever, very disappointed.",03-02-2023 16:12
582,This is the best product I have ever used!,06-01-2023 12:58
583,Amazing quality and fantastic support.,13-01-2023 13:30
584,"Worst experience ever, very disappointed.",20-02-2023 05:17
585,Amazing quality and fantastic support.,24-01-2023 10:58
586,"The service was okay, nothing special.",09-02-2023 22:26
587,This is the best product I have ever used!,28-02-2023 13:25
588,This is the best product I have ever used!,09-01-2023 13:46
589,I am not happy with the recent changes.,12-01-2023 08:23
590,The design is sleek and user-friendly.,12-02-2023 23:43
591,"Terrible service, will not recommend.",08-01-2023 00:23
592,This is the best product I have ever used!,05-01-2023 11:43
593,I am not happy with the recent changes.,11-01-2023 22:57
594,I am not happy with the recent changes.,15-02-2023 08:13
595,"Not bad, but could be better.",22-02-2023 10:48
596,The design is sleek and user-friendly.,04-02-2023 09:07
597,"Worst experience ever, very disappointed.",16-01-2023 05:58
598,"Terrible service, will not recommend.",03-01-2023 23:25
599,The design is sleek and user-friendly.,07-02-2023 13:06
600,This is the best product I have ever used!,15-02-2023 19:16
601,I am not happy with the recent changes.,17-01-2023 05:57
602,"Not bad, but could be better.",15-02-2023 01:35
603,"Terrible service, will not recommend.",28-02-2023 03:29
604,Amazing quality and fantastic support.,07-02-2023 01:27
605,The update improved performance significantly.,28-01-2023 23:05
606,"The service was okay, nothing special.",25-02-2023 14:11
607,"Terrible service, will not recommend.",22-02-2023 03:40
608,The update improved performance significantly.,17-01-2023 17:35
609,"Terrible service, will not recommend.",07-01-2023 21:36
610,The design is sleek and user-friendly.,31-01-2023 01:32
611,The design is sleek and user-friendly.,04-03-2023 09:15
612,I love the new features of this product!,04-01-2023 15:07
613,"Not bad, but could be better.",31-01-2023 14:56
614,"Not bad, but could be better.",10-01-2023 20:18
615,"Terrible service, will not recommend.",03-02-2023 02:40
616,"Terrible service, will not recommend.",18-01-2023 23:02
617,I am not happy with the recent changes.,03-03-2023 16:01
618,"Terrible service, will not recommend.",27-01-2023 14:45
619,"Worst experience ever, very disappointed.",02-03-2023 18:37
620,I am not happy with the recent changes.,28-02-2023 10:55
621,Amazing quality and fantastic support.,25-02-2023 01:47
622,The update improved performance significantly.,01-02-2023 10:23
623,Amazing quality and fantastic support.,07-02-2023 15:06
624,"Worst experience ever, very disappointed.",10-03-2023 06:22
625,The update improved performance significantly.,03-01-2023 18:51
626,I love the new features of this product!,09-01-2023 11:13
627,I am not happy with the recent changes.,20-02-2023 07:38
628,"Terrible service, will not recommend.",18-02-2023 12:04
629,I am not happy with the recent changes.,09-02-2023 01:44
630,"Worst experience ever, very disappointed.",10-02-2023 18:50
631,Amazing quality and fantastic support.,20-02-2023 14:27
632,"Terrible service, will not recommend.",14-02-2023 07:46
633,"Terrible service, will not recommend.",09-01-2023 19:50
634,I love the new features of this product!,25-01-2023 03:41
635,"Terrible service, will not recommend.",12-02-2023 15:10
636,Amazing quality and fantastic support.,04-02-2023 12:01
637,"Not bad, but could be better.",22-01-2023 13:40
638,I love the new features of this product!,11-02-2023 05:05
639,"The service was okay, nothing special.",08-03-2023 17:16
640,The design is sleek and user-friendly.,14-02-2023 04:02
641,"The service was okay, nothing special.",21-02-2023 21:16
642,"Terrible service, will not recommend.",08-01-2023 19:40
643,The design is sleek and user-friendly.,05-02-2023 14:49
644,I love the new features of this product!,06-03-2023 15:39
645,The design is sleek and user-friendly.,19-02-2023 11:21
646,"Worst experience ever, very disappointed.",05-01-2023 06:39
647,This is the best product I have ever used!,05-03-2023 09:16
648,I love the new features of this product!,11-01-2023 02:04
649,The update improved performance significantly.,09-01-2023 22:02
650,"Worst experience ever, very disappointed.",05-03-2023 18:55
651,The update improved performance significantly.,15-01-2023 22:59
652,"The service was okay, nothing special.",18-02-2023 10:48
653,Amazing quality and fantastic support.,28-01-2023 00:11
654,The update improved performance significantly.,28-02-2023 10:13
655,I love the new features of this product!,09-02-2023 22:19
656,The design is sleek and user-friendly.,08-02-2023 07:39
657,I love the new features of this product!,14-02-2023 22:08
658,"Worst experience ever, very disappointed.",08-03-2023 22:52
659,"Not bad, but could be better.",28-02-2023 23:34
660,The design is sleek and user-friendly.,01-02-2023 18:05
661,The update improved performance significantly.,16-02-2023 18:06
662,"The service was okay, nothing special.",26-01-2023 09:16
663,I am not happy with the recent changes.,22-02-2023 18:51
664,Amazing quality and fantastic support.,04-01-2023 18:59
665,I love the new features of this product!,14-01-2023 14:06
666,The design is sleek and user-friendly.,03-01-2023 09:25
667,"The service was okay, nothing special.",11-03-2023 04:08
668,The design is sleek and user-friendly.,04-01-2023 22:24
669,The update improved performance significantly.,01-02-2023 09:47
670,The design is sleek and user-friendly.,21-02-2023 17:39
671,"Terrible service, will not recommend.",07-02-2023 04:00
672,The update improved performance significantly.,04-03-2023 10:51
673,"Worst experience ever, very disappointed.",09-01-2023 12:12
674,I am not happy with the recent changes.,12-02-2023 16:22
675,I love the new features of this product!,15-01-2023 21:24
676,"Not bad, but could be better.",14-01-2023 16:22
677,"Terrible service, will not recommend.",11-02-2023 18:08
678,The update improved performance significantly.,03-02-2023 02:19
679,Amazing quality and fantastic support.,23-01-2023 07:42
680,This is the best product I have ever used!,13-02-2023 06:10
681,Amazing quality and fantastic support.,28-02-2023 22:30
682,This is the best product I have ever used!,04-02-2023 19:44
683,I am not happy with the recent changes.,08-03-2023 19:25
684,I love the new features of this product!,19-02-2023 01:19
685,"Not bad, but could be better.",27-02-2023 23:51
686,"The service was okay, nothing special.",03-02-2023 10:41
687,The update improved performance significantly.,25-02-2023 20:35
688,"Not bad, but could be better.",08-01-2023 10:08
689,The update improved performance significantly.,01-02-2023 12:20
690,"The service was okay, nothing special.",30-01-2023 21:10
691,"Worst experience ever, very disappointed.",17-01-2023 04:31
692,The update improved performance significantly.,03-01-2023 18:23
693,Amazing quality and fantastic support.,12-01-2023 06:19
694,"Terrible service, will not recommend.",10-01-2023 03:33
695,"The service was okay, nothing special.",09-02-2023 00:32
696,The design is sleek and user-friendly.,02-02-2023 06:40
697,The update improved performance significantly.,07-03-2023 22:33
698,"The service was okay, nothing special.",11-02-2023 08:23
699,The design is sleek and user-friendly.,26-01-2023 12:54
700,Amazing quality and fantastic support.,05-02-2023 03:58
701,The update improved performance significantly.,03-03-2023 12:42
702,This is the best product I have ever used!,05-02-2023 15:19
703,I am not happy with the recent changes.,12-02-2023 06:16
704,This is the best product I have ever used!,03-03-2023 10:54
705,The design is sleek and user-friendly.,01-03-2023 21:15
706,The design is sleek and user-friendly.,29-01-2023 10:31
707,Amazing quality and fantastic support.,21-01-2023 23:07
708,The update improved performance significantly.,20-01-2023 23:53
709,"Worst experience ever, very disappointed.",21-02-2023 08:36
710,"Not bad, but could be better.",28-01-2023 09:16
711,"The service was okay, nothing special.",21-02-2023 02:21
712,"The service was okay, nothing special.",17-01-2023 00:56
713,I am not happy with the recent changes.,17-02-2023 18:20
714,I am not happy with the recent changes.,04-02-2023 10:24
715,The design is sleek and user-friendly.,14-01-2023 08:51
716,Amazing quality and fantastic support.,26-02-2023 06:08
717,I am not happy with the recent changes.,05-01-2023 12:39
718,I am not happy with the recent changes.,04-03-2023 00:57
719,I am not happy with the recent changes.,15-01-2023 10:36
720,The update improved performance significantly.,20-01-2023 02:44
721,"Worst experience ever, very disappointed.",01-02-2023 00:06
722,Amazing quality and fantastic support.,25-01-2023 02:19
723,"Not bad, but could be better.",24-02-2023 00:34
724,"The service was okay, nothing special.",21-02-2023 07:36
725,I am not happy with the recent changes.,28-02-2023 15:32
726,This is the best product I have ever used!,03-02-2023 19:18
727,The update improved performance significantly.,08-02-2023 06:52
728,"Not bad, but could be better.",09-02-2023 11:06
729,The update improved performance significantly.,08-03-2023 14:27
730,The update improved performance significantly.,15-02-2023 04:37
731,Amazing quality and fantastic support.,06-01-2023 21:36
732,The design is sleek and user-friendly.,22-02-2023 05:43
733,"Worst experience ever, very disappointed.",12-01-2023 15:25
734,Amazing quality and fantastic support.,30-01-2023 13:38
735,Amazing quality and fantastic support.,28-01-2023 11:06
736,This is the best product I have ever used!,03-01-2023 02:24
737,Amazing quality and fantastic support.,31-01-2023 21:29
738,I love the new features of this product!,06-03-2023 18:54
739,I love the new features of this product!,31-01-2023 21:06
740,"Worst experience ever, very disappointed.",09-02-2023 19:23
741,"The service was okay, nothing special.",13-02-2023 04:28
742,This is the best product I have ever used!,23-02-2023 20:43
743,This is the best product I have ever used!,09-03-2023 09:35
744,"Worst experience ever, very disappointed.",01-02-2023 03:24
745,"The service was okay, nothing special.",09-02-2023 01:27
746,I love the new features of this product!,26-02-2023 20:34
747,"Worst experience ever, very disappointed.",29-01-2023 21:28
748,"Worst experience ever, very disappointed.",26-02-2023 01:03
749,I love the new features of this product!,19-02-2023 18:10
750,The design is sleek and user-friendly.,13-02-2023 15:15
751,"The service was okay, nothing special.",30-01-2023 15:34
752,This is the best product I have ever used!,11-03-2023 09:33
753,I am not happy with the recent changes.,27-01-2023 13:39
754,The update improved performance significantly.,07-02-2023 17:11
755,"Worst experience ever, very disappointed.",27-02-2023 11:41
756,The update improved performance significantly.,15-02-2023 05:02
757,"The service was okay, nothing special.",11-01-2023 12:24
758,The update improved performance significantly.,26-02-2023 14:08
759,"Not bad, but could be better.",13-02-2023 23:54
760,"Not bad, but could be better.",10-03-2023 23:48
761,I am not happy with the recent changes.,17-02-2023 02:38
762,"Worst experience ever, very disappointed.",10-02-2023 10:32
763,I love the new features of this product!,04-01-2023 22:47
764,I am not happy with the recent changes.,14-01-2023 22:03
765,I love the new features of this product!,15-01-2023 13:40
766,I love the new features of this product!,06-03-2023 10:53
767,"Worst experience ever, very disappointed.",06-01-2023 00:33
768,This is the best product I have ever used!,14-01-2023 18:40
769,"Worst experience ever, very disappointed.",26-02-2023 16:25
770,"Not bad, but could be better.",15-02-2023 05:41
771,The update improved performance significantly.,27-02-2023 06:55
772,"Not bad, but could be better.",18-02-2023 20:45
773,"Not bad, but could be better.",17-02-2023 09:57
774,Amazing quality and fantastic support.,14-02-2023 16:15
775,The design is sleek and user-friendly.,05-01-2023 23:05
776,"Not bad, but could be better.",06-03-2023 09:36
777,The update improved performance significantly.,08-03-2023 13:18
778,Amazing quality and fantastic support.,09-01-2023 19:38
779,"The service was okay, nothing special.",07-02-2023 01:51
780,"Worst experience ever, very disappointed.",12-02-2023 22:08
781,"Terrible service, will not recommend.",11-02-2023 22:36
782,I am not happy with the recent changes.,06-03-2023 14:02
783,The update improved performance significantly.,02-01-2023 17:36
784,The update improved performance significantly.,03-01-2023 10:30
785,"Worst experience ever, very disappointed.",29-01-2023 23:39
786,The design is sleek and user-friendly.,20-02-2023 06:31
787,I love the new features of this product!,20-01-2023 14:21
788,"Terrible service, will not recommend.",16-02-2023 22:09
789,The update improved performance significantly.,27-01-2023 04:18
790,"Not bad, but could be better.",13-01-2023 13:02
791,This is the best product I have ever used!,11-01-2023 02:27
792,"Worst experience ever, very disappointed.",27-01-2023 02:32
793,The design is sleek and user-friendly.,04-01-2023 21:27
794,The design is sleek and user-friendly.,27-01-2023 14:41
795,"The service was okay, nothing special.",15-01-2023 21:56
796,Amazing quality and fantastic support.,14-02-2023 05:57
797,"Terrible service, will not recommend.",04-02-2023 05:08
798,"Not bad, but could be better.",26-01-2023 14:51
799,I am not happy with the recent changes.,18-02-2023 22:47
800,I love the new features of this product!,13-01-2023 18:49
801,I am not happy with the recent changes.,19-01-2023 11:09
802,The update improved performance significantly.,17-01-2023 11:54
803,The update improved performance significantly.,30-01-2023 10:43
804,The design is sleek and user-friendly.,07-03-2023 04:39
805,Amazing quality and fantastic support.,24-01-2023 19:29
806,This is the best product I have ever used!,12-01-2023 08:34
807,The update improved performance significantly.,08-01-2023 15:43
808,"Worst experience ever, very disappointed.",31-01-2023 12:20
809,"Terrible service, will not recommend.",06-02-2023 13:55
810,"Terrible service, will not recommend.",05-02-2023 11:55
811,"Terrible service, will not recommend.",08-03-2023 22:22
812,Amazing quality and fantastic support.,07-02-2023 11:35
813,I love the new features of this product!,06-03-2023 09:41
814,I am not happy with the recent changes.,07-01-2023 10:01
815,The design is sleek and user-friendly.,02-01-2023 07:42
816,This is the best product I have ever used!,13-02-2023 12:49
817,"Not bad, but could be better.",16-01-2023 10:02
818,"Worst experience ever, very disappointed.",07-03-2023 09:06
819,The design is sleek and user-friendly.,13-02-2023 08:06
820,"Worst experience ever, very disappointed.",01-03-2023 09:33
821,This is the best product I have ever used!,26-02-2023 15:31
822,This is the best product I have ever used!,05-02-2023 03:52
823,"Not bad, but could be better.",09-03-2023 23:15
824,I love the new features of this product!,25-02-2023 07:14
825,The update improved performance significantly.,18-02-2023 02:11
826,"The service was okay, nothing special.",09-02-2023 08:22
827,"Terrible service, will not recommend.",03-02-2023 22:37
828,I love the new features of this product!,19-02-2023 17:52
829,I am not happy with the recent changes.,18-01-2023 03:14
830,This is the best product I have ever used!,11-02-2023 00:29
831,"Not bad, but could be better.",11-01-2023 09:31
832,I love the new features of this product!,19-02-2023 06:10
833,I love the new features of this product!,03-02-2023 19:53
834,The update improved performance significantly.,01-03-2023 14:11
835,I love the new features of this product!,02-03-2023 15:56
836,The design is sleek and user-friendly.,22-02-2023 20:34
837,The design is sleek and user-friendly.,10-02-2023 15:29
838,"Terrible service, will not recommend.",05-01-2023 14:37
839,"Not bad, but could be better.",10-01-2023 07:21
840,I am not happy with the recent changes.,08-02-2023 06:40
841,The update improved performance significantly.,05-02-2023 20:46
842,Amazing quality and fantastic support.,23-01-2023 10:27
843,"Not bad, but could be better.",27-01-2023 15:14
844,The design is sleek and user-friendly.,12-01-2023 07:33
845,The design is sleek and user-friendly.,01-02-2023 21:13
846,"Not bad, but could be better.",23-02-2023 19:01
847,I am not happy with the recent changes.,14-01-2023 13:33
848,Amazing quality and fantastic support.,14-02-2023 04:15
849,"Terrible service, will not recommend.",13-02-2023 11:47
850,The design is sleek and user-friendly.,14-02-2023 08:55
851,I am not happy with the recent changes.,29-01-2023 02:01
852,This is the best product I have ever used!,17-02-2023 16:46
853,"Worst experience ever, very disappointed.",09-01-2023 00:32
854,"Worst experience ever, very disappointed.",03-02-2023 22:24
855,Amazing quality and fantastic support.,07-01-2023 03:00
856,"Terrible service, will not recommend.",12-02-2023 06:04
857,Amazing quality and fantastic support.,07-02-2023 07:54
858,This is the best product I have ever used!,02-03-2023 15:26
859,"Worst experience ever, very disappointed.",18-01-2023 17:57
860,"The service was okay, nothing special.",08-02-2023 04:38
861,This is the best product I have ever used!,01-03-2023 12:08
862,I love the new features of this product!,13-02-2023 07:35
863,"Terrible service, will not recommend.",22-01-2023 03:29
864,The design is sleek and user-friendly.,10-02-2023 00:17
865,"The service was okay, nothing special.",25-02-2023 09:05
866,I love the new features of this product!,16-02-2023 01:55
867,This is the best product I have ever used!,27-02-2023 08:19
868,The update improved performance significantly.,14-01-2023 00:37
869,The update improved performance significantly.,16-02-2023 01:53
870,"Not bad, but could be better.",12-01-2023 23:44
871,"Terrible service, will not recommend.",05-02-2023 20:14
872,"Worst experience ever, very disappointed.",29-01-2023 10:42
873,This is the best product I have ever used!,26-01-2023 08:22
874,The design is sleek and user-friendly.,02-01-2023 19:35
875,"Not bad, but could be better.",07-01-2023 18:20
876,"Not bad, but could be better.",14-01-2023 07:29
877,I am not happy with the recent changes.,14-02-2023 10:46
878,"Terrible service, will not recommend.",25-02-2023 11:19
879,"Worst experience ever, very disappointed.",13-01-2023 23:29
880,"Worst experience ever, very disappointed.",01-01-2023 14:56
881,I am not happy with the recent changes.,19-01-2023 09:39
882,"Terrible service, will not recommend.",22-01-2023 10:59
883,This is the best product I have ever used!,22-02-2023 12:31
884,"Worst experience ever, very disappointed.",11-02-2023 01:58
885,I am not happy with the recent changes.,20-01-2023 22:17
886,"The service was okay, nothing special.",24-02-2023 21:41
887,"Terrible service, will not recommend.",10-02-2023 06:41
888,I love the new features of this product!,13-02-2023 14:38
889,This is the best product I have ever used!,25-02-2023 06:51
890,"Terrible service, will not recommend.",23-02-2023 21:42
891,Amazing quality and fantastic support.,31-01-2023 06:27
892,The design is sleek and user-friendly.,20-02-2023 22:08
893,The update improved performance significantly.,11-03-2023 10:33
894,The design is sleek and user-friendly.,06-02-2023 18:21
895,"Not bad, but could be better.",06-03-2023 23:04
896,"Worst experience ever, very disappointed.",07-03-2023 00:29
897,The update improved performance significantly.,13-02-2023 23:13
898,The update improved performance significantly.,01-01-2023 13:01
899,"Terrible service, will not recommend.",28-01-2023 21:09
900,"Not bad, but could be better.",09-02-2023 06:30
901,This is the best product I have ever used!,05-01-2023 12:20
902,I am not happy with the recent changes.,31-01-2023 17:12
903,"Not bad, but could be better.",05-01-2023 03:59
904,"Terrible service, will not recommend.",11-01-2023 05:12
905,The design is sleek and user-friendly.,18-01-2023 18:22
906,"The service was okay, nothing special.",07-02-2023 18:33
907,This is the best product I have ever used!,04-03-2023 19:47
908,"Not bad, but could be better.",25-02-2023 22:44
909,I am not happy with the recent changes.,08-01-2023 13:33
910,The design is sleek and user-friendly.,25-01-2023 15:31
911,"Not bad, but could be better.",09-01-2023 06:15
912,"Worst experience ever, very disappointed.",17-02-2023 07:01
913,The design is sleek and user-friendly.,06-01-2023 16:13
914,"Not bad, but could be better.",12-02-2023 02:16
915,I am not happy with the recent changes.,16-01-2023 23:34
916,"The service was okay, nothing special.",25-01-2023 11:23
917,The update improved performance significantly.,11-03-2023 10:50
918,I love the new features of this product!,07-01-2023 15:32
919,Amazing quality and fantastic support.,16-02-2023 23:53
920,I love the new features of this product!,02-02-2023 08:50
921,Amazing quality and fantastic support.,16-01-2023 14:00
922,I am not happy with the recent changes.,13-02-2023 02:46
923,"Terrible service, will not recommend.",14-02-2023 14:06
924,"Not bad, but could be better.",26-01-2023 06:45
925,"The service was okay, nothing special.",18-01-2023 08:25
926,"Worst experience ever, very disappointed.",10-03-2023 11:40
927,I love the new features of this product!,11-01-2023 21:01
928,"Terrible service, will not recommend.",08-02-2023 19:16
929,This is the best product I have ever used!,06-02-2023 01:33
930,"Worst experience ever, very disappointed.",22-02-2023 15:23
931,"The service was okay, nothing special.",11-02-2023 02:01
932,Amazing quality and fantastic support.,04-02-2023 20:30
933,"The service was okay, nothing special.",07-03-2023 02:44
934,"Not bad, but could be better.",05-03-2023 08:48
935,The update improved performance significantly.,14-02-2023 15:56
936,Amazing quality and fantastic support.,31-01-2023 04:20
937,"The service was okay, nothing special.",11-03-2023 17:45
938,"Worst experience ever, very disappointed.",04-03-2023 18:25
939,The design is sleek and user-friendly.,18-02-2023 15:59
940,I love the new features of this product!,07-02-2023 20:15
941,"Terrible service, will not recommend.",05-03-2023 20:13
942,"Terrible service, will not recommend.",18-01-2023 04:06
943,"Terrible service, will not recommend.",09-01-2023 05:22
944,This is the best product I have ever used!,31-01-2023 21:22
945,I am not happy with the recent changes.,12-02-2023 20:30
946,"The service was okay, nothing special.",09-01-2023 12:52
947,"Terrible service, will not recommend.",05-03-2023 01:11
948,"Terrible service, will not recommend.",03-01-2023 01:17
949,The update improved performance significantly.,24-01-2023 09:50
950,The design is sleek and user-friendly.,22-01-2023 19:23
951,This is the best product I have ever used!,23-01-2023 22:58
952,"Worst experience ever, very disappointed.",29-01-2023 13:36
953,"The service was okay, nothing special.",17-01-2023 05:12
954,The design is sleek and user-friendly.,28-02-2023 07:40
955,The design is sleek and user-friendly.,02-03-2023 13:54
956,The design is sleek and user-friendly.,25-02-2023 20:17
957,The design is sleek and user-friendly.,29-01-2023 18:10
958,The design is sleek and user-friendly.,13-02-2023 11:18
959,The update improved performance significantly.,09-02-2023 09:24
960,"Not bad, but could be better.",07-03-2023 00:57
961,I love the new features of this product!,16-01-2023 04:40
962,"Terrible service, will not recommend.",27-01-2023 20:13
963,"Not bad, but could be better.",22-01-2023 05:10
964,"Terrible service, will not recommend.",17-02-2023 15:31
965,"Worst experience ever, very disappointed.",27-01-2023 02:02
966,I am not happy with the recent changes.,05-02-2023 11:06
967,"Not bad, but could be better.",02-02-2023 10:10
968,"Not bad, but could be better.",12-02-2023 01:48
969,"Not bad, but could be better.",08-02-2023 01:26
970,The design is sleek and user-friendly.,09-02-2023 12:39
971,The design is sleek and user-friendly.,11-02-2023 20:26
972,This is the best product I have ever used!,12-01-2023 21:48
973,Amazing quality and fantastic support.,14-01-2023 18:25
974,Amazing quality and fantastic support.,24-02-2023 08:49
975,This is the best product I have ever used!,14-02-2023 22:47
976,The update improved performance significantly.,03-02-2023 22:09
977,I am not happy with the recent changes.,05-02-2023 22:25
978,"The service was okay, nothing special.",11-03-2023 12:18
979,I am not happy with the recent changes.,11-02-2023 19:15
980,Amazing quality and fantastic support.,10-01-2023 04:43
981,I am not happy with the recent changes.,04-02-2023 00:17
982,"The service was okay, nothing special.",17-02-2023 14:28
983,The design is sleek and user-friendly.,14-01-2023 12:35
984,The design is sleek and user-friendly.,07-02-2023 16:32
985,"Not bad, but could be better.",19-02-2023 18:19
986,This is the best product I have ever used!,04-02-2023 21:35
987,The design is sleek and user-friendly.,25-01-2023 13:37
988,I love the new features of this product!,17-02-2023 02:45
989,"Not bad, but could be better.",20-02-2023 21:53
990,"Not bad, but could be better.",16-02-2023 00:49
991,"Not bad, but could be better.",08-02-2023 07:45
992,Amazing quality and fantastic support.,18-02-2023 02:38
993,"Not bad, but could be better.",11-01-2023 17:22
994,The design is sleek and user-friendly.,19-01-2023 04:02
995,I am not happy with the recent changes.,12-01-2023 01:54
996,The design is sleek and user-friendly.,17-02-2023 21:22
997,The design is sleek and user-friendly.,09-03-2023 01:29
998,The design is sleek and user-friendly.,04-02-2023 00:28
999,I am not happy with the recent changes.,30-01-2023 01:49
1000,I am not happy with the recent changes.,24-01-2023 13:14
